{
  "robot_id": "xlerobot_main",
  "robot_type": "xlerobot_2wheels",
  "right_home": {
    "right_arm_shoulder_pan.pos": -8.92717306186374,
    "right_arm_shoulder_lift.pos": -98.97304236200257,
    "right_arm_elbow_flex.pos": 100.0,
    "right_arm_wrist_flex.pos": 10.519423832387602,
    "right_arm_wrist_roll.pos": 1.1477411477411437,
    "right_arm_gripper.pos": 0.906555090655509
  }
}
